{"cameraMode":{"drawMode":0,"name":"Shaded","section":"Shading Mode"},"sceneLighting":false,"audioPlay":false,"sceneViewState":{"showFog":true,"showMaterialUpdate":false,"showSkybox":true,"showFlares":true,"showImageEffects":true,"showParticleSystems":true},"in2DMode":false,"pivot":{"x":27.154878616333009,"y":1.8774217367172242,"z":2.7856016159057619},"rotation":{"x":0.14521141350269319,"y":-0.6433255076408386,"z":0.12606769800186158,"w":0.7410876154899597},"size":47.72966003417969,"orthographic":false}