{"cameraMode":{"drawMode":0,"name":"Shaded","section":"Shading Mode"},"sceneLighting":false,"audioPlay":false,"sceneViewState":{"showFog":true,"showMaterialUpdate":false,"showSkybox":true,"showFlares":true,"showImageEffects":true,"showParticleSystems":true},"in2DMode":false,"pivot":{"x":-0.011352051049470902,"y":0.6120287775993347,"z":-0.6204964518547058},"rotation":{"x":-0.12294253706932068,"y":0.7111092209815979,"z":-0.12852641940116883,"w":-0.6802185773849487},"size":3.117014169692993,"orthographic":false}