{"cameraMode":{"drawMode":0,"name":"Shaded","section":"Shading Mode"},"sceneLighting":false,"audioPlay":false,"sceneViewState":{"showFog":true,"showMaterialUpdate":false,"showSkybox":true,"showFlares":true,"showImageEffects":true,"showParticleSystems":true},"in2DMode":false,"pivot":{"x":-24.533201217651368,"y":4.556156158447266,"z":-1.3971633911132813},"rotation":{"x":-0.0957227349281311,"y":0.7196888327598572,"z":-0.10127998888492584,"w":-0.6801995635032654},"size":60.11292266845703,"orthographic":false}