{"cameraMode":{"drawMode":0,"name":"Shaded","section":"Shading Mode"},"sceneLighting":false,"audioPlay":false,"sceneViewState":{"showFog":true,"showMaterialUpdate":false,"showSkybox":true,"showFlares":true,"showImageEffects":true,"showParticleSystems":true},"in2DMode":false,"pivot":{"x":-14.30671501159668,"y":-0.8907280564308167,"z":-1.2527800798416138},"rotation":{"x":0.12738585472106934,"y":-0.7097077369689941,"z":0.13284429907798768,"w":0.6800814270973206},"size":17.541593551635743,"orthographic":false}