{"cameraMode":{"drawMode":0,"name":"Shaded","section":"Shading Mode"},"sceneLighting":false,"audioPlay":false,"sceneViewState":{"showFog":true,"showMaterialUpdate":false,"showSkybox":true,"showFlares":true,"showImageEffects":true,"showParticleSystems":true},"in2DMode":false,"pivot":{"x":26.46508026123047,"y":20.22860336303711,"z":-2.8008689880371095},"rotation":{"x":0.15297222137451173,"y":-0.7134124636650086,"z":0.16441532969474793,"w":0.6638132333755493},"size":55.269264221191409,"orthographic":false}