{"cameraMode":{"drawMode":0,"name":"Shaded","section":"Shading Mode"},"sceneLighting":false,"audioPlay":false,"sceneViewState":{"showFog":true,"showMaterialUpdate":false,"showSkybox":true,"showFlares":true,"showImageEffects":true,"showParticleSystems":true},"in2DMode":false,"pivot":{"x":-25.616453170776368,"y":1.5981056690216065,"z":5.524141311645508},"rotation":{"x":-0.1370829939842224,"y":0.5857755541801453,"z":-0.10134321451187134,"w":-0.7923685908317566},"size":41.10262680053711,"orthographic":false}