{"cameraMode":{"drawMode":0,"name":"Shaded","section":"Shading Mode"},"sceneLighting":false,"audioPlay":false,"sceneViewState":{"showFog":true,"showMaterialUpdate":false,"showSkybox":true,"showFlares":true,"showImageEffects":true,"showParticleSystems":true},"in2DMode":false,"pivot":{"x":31.554256439208986,"y":-25.696456909179689,"z":10.345605850219727},"rotation":{"x":0.25999516248703005,"y":-0.556090772151947,"z":0.18861453235149384,"w":0.7665514349937439},"size":135.3914031982422,"orthographic":false}