{"cameraMode":{"drawMode":0,"name":"Shaded","section":"Shading Mode"},"sceneLighting":false,"audioPlay":false,"sceneViewState":{"showFog":true,"showMaterialUpdate":false,"showSkybox":true,"showFlares":true,"showImageEffects":true,"showParticleSystems":true},"in2DMode":false,"pivot":{"x":-15.98554801940918,"y":1.1347589492797852,"z":0.06245515123009682},"rotation":{"x":0.29343950748443606,"y":-0.6282444000244141,"z":0.27717286348342898,"w":0.6651152968406677},"size":19.69367218017578,"orthographic":false}