{"cameraMode":{"drawMode":0,"name":"Shaded","section":"Shading Mode"},"sceneLighting":false,"audioPlay":false,"sceneViewState":{"showFog":true,"showMaterialUpdate":false,"showSkybox":true,"showFlares":true,"showImageEffects":true,"showParticleSystems":true},"in2DMode":false,"pivot":{"x":-10.214138984680176,"y":3.2464001178741457,"z":0.47219452261924746},"rotation":{"x":0.18548156321048737,"y":-0.19748133420944215,"z":0.03809279203414917,"w":0.9618605375289917},"size":23.2860107421875,"orthographic":false}